<?xml version="1.0" encoding="UTF-8"?>
<configuration>
	<springProperty scope="context" name="serviceName"   source="spring.application.name"       defaultValue="service" />
	<springProperty scope="context" name="fileName"   source="logging.level"       defaultValue="INFO" />

	<logger name="jdbc.sqlonly" level="OFF"/>
	<logger name="jdbc.sqltiming" level="DEBUG"/>
	<logger name="jdbc.audit" level="OFF"/>
	<logger name="jdbc.resultset" level="OFF"/>
	<logger name="jdbc.resultsettable" level="DEBUG"/>
	<logger name="jdbc.connection" level="OFF"/>

	<appender name="console" class="ch.qos.logback.core.ConsoleAppender">
		<encoder>
			<pattern>%d{HH:mm:ss.SSS} %-5level %class \(%thread\) [%logger{36}] -- %msg%n</pattern>
		</encoder>
	</appender>

	<appender name="file" class="ch.qos.logback.core.rolling.RollingFileAppender">
		<file>${logFolder}/${serviceName}.log</file>
		<rollingPolicy class="ch.qos.logback.core.rolling.SizeAndTimeBasedRollingPolicy">
			<fileNamePattern>${logFolder}/${serviceName}-%d{yyyy-MM-dd}.%i.log</fileNamePattern>
			<maxFileSize>100MB</maxFileSize>
			<maxHistory>30</maxHistory>
			<totalSizeCap>10GB</totalSizeCap>
		</rollingPolicy>
		<encoder>
			<pattern>%d %-5level %class \(%thread\) [%logger{36}] -- %msg%n</pattern>
		</encoder>
	</appender>


	<springProfile name="default | test ">
		<root level="INFO" >
			<appender-ref ref="console" />
		</root>
	</springProfile>

	<!--<springProfile name="!(default | test)">
		<root level="INFO" additivity="false">
			<appender-ref ref="file" />
		</root>
	</springProfile>-->
</configuration>
